{
  "model_name": "stacking_ensemble",
  "trained_at": "2026-05-13T18:27:23.091695+00:00",
  "hyperparameters": {
    "cv": null,
    "estimators": "[('ridge', Ridge()), ('random_forest', RandomForestRegressor(max_depth=10, n_estimators=200, random_state=42)), ('xgboost', XGBRegressor(base_score=None, booster=None, callbacks=None,\n             colsample_bylevel=None, colsample_bynode=None,\n             colsample_bytree=0.8, device=None, early_stopping_rounds=None,\n             enable_categorical=False, eval_metric=None, feature_types=None,\n             feature_weights=None, gamma=None, grow_policy=None,\n             importance_type=None, interaction_constraints=None,\n             learning_rate=0.05, max_bin=None, max_cat_threshold=None,\n             max_cat_to_onehot=None, max_delta_step=None, max_depth=6,\n             max_leaves=None, min_child_weight=None, missing=nan,\n             monotone_constraints=None, multi_strategy=None, n_estimators=500,\n             n_jobs=None, num_parallel_tree=None, ...))]",
    "n_jobs": null,
    "passthrough": false,
    "verbose": 0
  },
  "metrics": {
    "mae": 0.9181524053025358,
    "rmse": 1.3065340041467925,
    "spearman": 0.9989985919651657,
    "score_distribution": {
      "0-20": 2384,
      "20-40": 2448,
      "40-60": 2406,
      "60-80": 2517,
      "80-100": 2517
    },
    "monotonic_check": true
  },
  "baseline_metrics": {
    "mae": 2.890481028466262,
    "rmse": 3.6866933295604407,
    "spearman": 0.9974210654424328
  },
  "training_data": {
    "total_videos": 83693,
    "total_channels": 1359,
    "groups": 114
  },
  "all_candidates": {
    "ridge": {
      "mae": 1.645313457635725,
      "rmse": 2.171660250994888,
      "spearman": 0.997710387692218
    },
    "random_forest": {
      "mae": 1.4496342997602891,
      "rmse": 1.9538808907905312,
      "spearman": 0.9977664254175052
    },
    "xgboost": {
      "mae": 0.9209155555905757,
      "rmse": 1.3097781878523689,
      "spearman": 0.9989925387704037
    },
    "lightgbm": {
      "mae": 0.9773325490261866,
      "rmse": 1.3748849602013349,
      "spearman": 0.9988840984508438
    },
    "stacking_ensemble": {
      "mae": 0.9181524053025358,
      "rmse": 1.3065340041467925,
      "spearman": 0.9989985919651657
    }
  }
}