{
  "selected_at": "2026-05-13T18:27:23.212215+00:00",
  "candidates": {
    "ridge": {
      "mae": 1.645313457635725,
      "rmse": 2.171660250994888,
      "spearman": 0.997710387692218
    },
    "random_forest": {
      "mae": 1.4496342997602891,
      "rmse": 1.9538808907905312,
      "spearman": 0.9977664254175052
    },
    "xgboost": {
      "mae": 0.9209155555905757,
      "rmse": 1.3097781878523689,
      "spearman": 0.9989925387704037
    },
    "lightgbm": {
      "mae": 0.9773325490261866,
      "rmse": 1.3748849602013349,
      "spearman": 0.9988840984508438
    },
    "stacking_ensemble": {
      "mae": 0.9181524053025358,
      "rmse": 1.3065340041467925,
      "spearman": 0.9989985919651657
    }
  },
  "champion": "stacking_ensemble",
  "selection_criteria": "spearman",
  "baseline_metrics": {
    "mae": 2.890481028466262,
    "rmse": 3.6866933295604407,
    "spearman": 0.9974210654424328
  }
}